{
    "epochs": [
        1,
        2,
        3,
        4,
        5,
        6,
        7,
        8,
        9,
        10,
        11
    ],
    "lr": [
        0.005,
        0.005,
        0.005,
        0.005,
        0.005,
        0.005,
        0.005,
        0.005,
        0.005,
        0.005,
        0.005
    ],
    "train_loss": [
        0.3190687753756841,
        0.20090160908798377,
        0.16547894934813182,
        0.1528143630673488,
        0.1450017648562789,
        0.1415550241495172,
        0.13259450325121483,
        0.12517521729071934,
        0.11356705645720164,
        0.1075056329369545,
        0.10261063804229101
    ],
    "val_loss": [
        0.2188388736442078,
        0.18162444706053235,
        0.17091102343659068,
        0.1724212535245474,
        0.16383305153008118,
        0.1662204789734164,
        0.1576372828594474,
        0.1667263674181561,
        0.1531185383886792,
        0.1594510375587053,
        0.15965121386702671
    ],
    "train_rpn_cls_loss": [
        0.011067869020180296,
        0.005378797823213972,
        0.0029802984706475398,
        0.002782026510879708,
        0.002779677100358337,
        0.002816324875651238,
        0.002185098237823695,
        0.0023041430852996808,
        0.0018849409574856206,
        0.0020430001082422677,
        0.0019101735076886446
    ],
    "train_rpn_box_loss": [
        0.017787290384294465,
        0.015713665137300267,
        0.014838166088641932,
        0.013860484419080119,
        0.01335880653350614,
        0.013669727830371509,
        0.013381948420622696,
        0.012742262415898343,
        0.012548656769407291,
        0.01213322603298972,
        0.011809729935678965
    ],
    "train_head_cls_loss": [
        0.14980203548446297,
        0.08591517196968197,
        0.06483651280403137,
        0.05980061499401927,
        0.055098493195449315,
        0.05471759703631202,
        0.0495022086147219,
        0.044898773812068006,
        0.038538510988776885,
        0.0344784016503642,
        0.03233423934628566
    ],
    "train_head_box_loss": [
        0.1404115809376041,
        0.09389397445445259,
        0.08282397280136744,
        0.07637123715132475,
        0.07376478808621566,
        0.07035137473295132,
        0.06752524762724836,
        0.06523003844544291,
        0.06059494778513908,
        0.05885100517421961,
        0.05655649564539393
    ],
    "val_rpn_cls_loss": [
        0.006670255754088853,
        0.006227793765584614,
        0.00628533223298714,
        0.006427880839531331,
        0.006663323692665408,
        0.0065392948070143045,
        0.00653013755850965,
        0.005920897681959147,
        0.006613624966967321,
        0.007349547491812277,
        0.007696968312767811
    ],
    "val_rpn_box_loss": [
        0.016595157128650437,
        0.01615773869385986,
        0.016620920234641363,
        0.01665137593937648,
        0.015087890444150152,
        0.015250186070388312,
        0.014843627759038882,
        0.014814590677878884,
        0.014716218794197884,
        0.015338888497438368,
        0.014653285727078138
    ],
    "val_head_cls_loss": [
        0.09462887791613507,
        0.0747688869230969,
        0.0648000685194897,
        0.06786288732532846,
        0.06325338629269323,
        0.06312279130310514,
        0.06111041553924943,
        0.06856147388299537,
        0.057056129823417165,
        0.061110871854822994,
        0.06384562177930114
    ],
    "val_head_box_loss": [
        0.10094458423554897,
        0.08447002953048362,
        0.08320470117465702,
        0.08147911079834368,
        0.0788284509421088,
        0.08130820862255818,
        0.07515310132226279,
        0.07742940515366405,
        0.07473256568922552,
        0.07565173081143997,
        0.0734553386478923
    ]
}